kind,name,value,lower_bound,upper_bound,fixed,tied_to,optimized,at_lower_bound,at_upper_bound,warning
parameter,k1f,0.40005919207176904,1e-06,10.0,False,,True,False,False,
initial_condition,A,1.0,0.0,2.0,True,,False,False,False,
initial_condition,B,0.0,0.0,2.0,True,,False,False,False,
observable_scale,A23_HN_scale,1.999786643051038,0.0,1000000.0,False,,True,False,False,
observable_offset,A23_HN_offset,0.10020230181838923,-1000000.0,1000000.0,False,,True,False,False,
observable_scale,G45_HN_scale,1.499862730312434,0.0,1000000.0,False,,True,False,False,
observable_offset,G45_HN_offset,0.2001470477073927,-1000000.0,1000000.0,False,,True,False,False,
observable_scale,L78_HN_scale,0.7999106673829289,0.0,1000000.0,False,,True,False,False,
observable_offset,L78_HN_offset,0.050080006309292116,-1000000.0,1000000.0,False,,True,False,False,
observable_scale,V90_HN_scale,2.999676668369266,0.0,1000000.0,False,,True,False,False,
observable_offset,V90_HN_offset,0.20032119983765656,-1000000.0,1000000.0,False,,True,False,False,
